-- Mock data for testing and showcasing
-- Data generation assisted by Gemini 2.0 Flash

INSERT INTO User (user_id, first_name, last_name, email, password, phone_no, location, province, address, date_joined, is_buyer, is_seller) VALUES
(1, 'Alice', 'Smith', 'alice_smith@example.com', 'password123', '123 456 7890', 'Mowbray', 'Western Cape', '123 Main St', '2022-01-15', TRUE, FALSE),
(2, 'Bob', 'Johnson', 'bob_johnson@example.com', 'passw0rd', '321 654 0987', 'East London', 'Eastern Cape', '456 Elm St', '2023-03-22', TRUE, TRUE),
(3, 'Carol', 'Williams', 'carol_w@example.com', 'letmein123', '555 789 1234', 'Bloemfontein', 'Free State', '789 Oak St', '2021-09-30', TRUE, FALSE),
(4, 'David', 'Brown', 'david_b@example.com', 'mypassword', '987 654 3210', 'Mbombela', 'Mpumalanga', '246 Pine St', '2020-12-01', TRUE, TRUE),
(5, 'Eve', 'Davis', 'eve_d@example.com', 'hunter2', '111 222 3333', 'Kimberley', 'Northern Cape', '135 Cedar St', '2022-05-19', TRUE, FALSE),
(6, 'Frank', 'Miller', 'frank_m@example.com', 'qwerty123', '222 333 4444', 'Hermanus', 'Western Cape', '246 Birch St', '2023-06-10', TRUE, TRUE),
(7, 'Grace', 'Wilson', 'grace_w@example.com', 'abc12345', '333 444 5555', 'Bellville', 'Western Cape', '357 Spruce St', '2021-11-03', TRUE, FALSE),
(8, 'Henry', 'Moore', 'henry_m@example.com', 'ilovecats', '444 555 6666', 'Tyger Valley', 'Western Cape', '468 Maple St', '2022-08-08', TRUE, FALSE),
(9, 'Ivy', 'Taylor', 'ivy_t@example.com', 'password1', '555 666 7777', 'Mowbray', 'Western Cape', '579 Aspen St', '2023-01-28', TRUE, TRUE),
(10, 'Jack', 'Anderson', 'jack_a@example.com', 'secret987', '666 777 8888', 'Mowbray', 'Western Cape', '680 Redwood St', '2021-04-17', TRUE, FALSE),
(11, 'Karen', 'Thomas', 'karen_t@example.com', 'securepass', '777 888 9999', 'Cape Town', 'Western Cape', '101 Oak Dr', '2021-07-12', TRUE, FALSE),
(12, 'Leo', 'Jackson', 'leo_j@example.com', 'sunshine99', '888 999 0000', 'Claremont', 'Western Cape', '202 Willow Ln', '2022-10-05', TRUE, TRUE),
(13, 'Mia', 'White', 'mia_w@example.com', 'catlover', '999 000 1111', 'Durbanville', 'Western Cape', '303 Poplar Ct', '2023-02-14', TRUE, FALSE),
(14, 'Noah', 'Harris', 'noah_h@example.com', 'letmein789', '000 111 2222', 'Milnerton', 'Western Cape', '404 Chestnut Rd', '2020-03-11', TRUE, TRUE),
(15, 'Olivia', 'Martin', 'olivia_m@example.com', 'purplemonkey', '111 222 3334', 'Stellenbosch', 'Western Cape', '505 Redwood Blvd', '2021-08-20', TRUE, FALSE),
(16, 'Paul', 'Thompson', 'paul_t@example.com', 'bubblegum', '222 333 4445', 'Paarl', 'Western Cape', '606 Hemlock Way', '2023-04-01', TRUE, FALSE),
(17, 'Quinn', 'Garcia', 'quinn_g@example.com', 'giraffe12', '333 444 5556', 'Stellenbosch', 'Western Cape', '707 Beech Dr', '2022-06-16', TRUE, TRUE),
(18, 'Rachel', 'Martinez', 'rachel_m@example.com', 'tigerking', '444 555 6667', 'Mowbray', 'Western Cape', '808 Alder Ct', '2023-07-09', TRUE, FALSE),
(19, 'Sam', 'Robinson', 'sam_r@example.com', 'toomanycats', '555 666 7778', 'Hermanus', 'Western Cape', '909 Fir St', '2021-05-25', TRUE, FALSE),
(20, 'Tina', 'Clark', 'tina_c@example.com', 'qazwsx', '666 777 8889', 'Kleinmond', 'Western Cape', '1001 Pineapple Rd', '2022-11-30', TRUE, FALSE),
(21, 'Uma', 'Lewis', 'uma_l@example.com', 'cloudyday', '777 000 1111', 'Muizenberg', 'Western Cape', '1112 Elm St', '2021-09-15', TRUE, FALSE),
(22, 'Victor', 'Lee', 'victor_l@example.com', 'dragonpass', '888 111 2222', 'Lake Side', 'Western Cape', '1213 Maple Ln', '2023-01-01', TRUE, FALSE),
(23, 'Wendy', 'Walker', 'wendy_w@example.com', 'jellybean', '999 222 3333', 'Claremont', 'Western Cape', '1314 Birch Ct', '2020-05-18', TRUE, TRUE),
(24, 'Xander', 'Young', 'xander_y@example.com', 'sunflower7', '000 333 4444', 'Cape Town', 'Western Cape', '1415 Pine St', '2022-03-10', TRUE, FALSE),
(25, 'Yara', 'Hall', 'yara_h@example.com', 'chocolate', '111 444 5555', 'Stellenbosch', 'Western Cape', '1516 Cedar Dr', '2023-06-02', TRUE, FALSE),
(26, 'Zack', 'Allen', 'zack_a@example.com', 'vanillabean', '222 555 6666', 'Bellville', 'Western Cape', '1617 Spruce Blvd', '2022-07-21', TRUE, FALSE),
(27, 'Amy', 'Scott', 'amy_s@example.com', 'redballoon', '333 666 7777', 'Port Elizabeth', 'Eastern Cape', '1718 Walnut Ct', '2021-04-04', TRUE, TRUE),
(28, 'Ben', 'Green', 'ben_g@example.com', 'pizzalover', '444 777 8888', 'Bloemfontein', 'Free State', '1819 Chestnut Rd', '2020-12-25', TRUE, FALSE),
(29, 'Cara', 'Bennett', 'cara_b@example.com', 'cupcake23', '555 888 9999', 'Somerset West', 'Western Cape', '1920 Poplar Ln', '2022-08-17', TRUE, FALSE),
(30, 'Drew', 'Ramirez', 'drew_r@example.com', 'appletree', '666 999 0000', 'Mowbray', 'Western Cape', '2021 Redwood St', '2021-10-08', TRUE, FALSE);

INSERT INTO Buyer (user_id, ship_address, num_orders) VALUES
(1, '123 Main St', 2),
(2, '456 Elm St', 5),
(3, '789 Oak St', 1),
(4, '246 Pine St', 3),
(5, '135 Cedar St', 0),
(6, '246 Birch St', 7),
(7, '357 Spruce St', 4),
(8, '468 Maple St', 6),
(9, '579 Aspen St', 2),
(10, '680 Redwood St', 1),
(11, '101 Oak Dr', 0),
(12, '202 Willow Ln', 3),
(13, '303 Poplar Ct', 1),
(14, '404 Chestnut Rd', 2),
(15, '505 Redwood Blvd', 0),
(16, '606 Hemlock Way', 4),
(17, '707 Beech Dr', 6),
(18, '808 Alder Ct', 3),
(19, '909 Fir St', 2),
(20, '1001 Pineapple Rd', 1),
(21, '1112 Elm St', 1),
(22, '1213 Maple Ln', 0),
(23, '1314 Birch Ct', 4),
(24, '1415 Pine St', 2),
(25, '1516 Cedar Dr', 1),
(26, '1617 Spruce Blvd', 3),
(27, '1718 Walnut Ct', 6),
(28, '1819 Chestnut Rd', 0),
(29, '1920 Poplar Ln', 1),
(30, '2021 Redwood St', 2);

INSERT INTO Seller (user_id, verified, products_sold, total_views, date_registered, date_verified) VALUES
(2, TRUE, 25, 1055, '2023-03-23', '2023-04-10'),
(4, FALSE, 10, 1250, '2020-12-15', NULL),
(6, TRUE, 35, 725, '2023-06-11', '2023-07-01'),
(9, FALSE, 3, 1325, '2023-02-01', NULL),
(12, TRUE, 0, 765, '2022-10-06', '2022-10-20'),
(14, FALSE, 2, 815, '2020-03-15', NULL),
(17, FALSE, 7, 405, '2022-06-17', NULL),
(23, TRUE, 20, 965, '2020-05-19', '2020-06-01'),
(27, TRUE, 12, 600, '2021-04-06', '2021-04-20');

-- A workaround to disable the update_product_date_created trigger for this mock data
DELIMITER //
CREATE TRIGGER temp_disable_trigger BEFORE INSERT ON product
FOR EACH ROW
BEGIN
END;
//
DELIMITER ;

INSERT INTO product (product_id, name, description, price, quant_in_stock, product_condition, condition_details, date_created, pct_discount, views, category, seller_id) VALUES
(1, 'Vintage Leather Messenger Bag - Distressed Brown', 'A classic, genuine leather messenger bag with a rich, distressed brown finish. Features multiple compartments, adjustable shoulder strap, and secure buckle closures. Perfect for everyday use or travel. Shows minor signs of wear consistent with age, adding to its vintage charm.', 450.00, 5, 'Used', 'Minor scuffs and scratches on the leather surface.', DATE_SUB(CURDATE(), INTERVAL FLOOR(RAND() * 730) DAY), 0, 125, 'Clothing', 2),
(2, 'Ergonomic Office Chair with Lumbar Support', 'A high-back ergonomic office chair designed for maximum comfort and support during long hours of work. Features adjustable lumbar support, armrests, seat height, and tilt mechanism. Breathable mesh back promotes airflow. Brand new, unassembled in original packaging.', 1299.99, 20, 'New', NULL, DATE_SUB(CURDATE(), INTERVAL FLOOR(RAND() * 730) DAY), 0, 310, 'Home & Garden', 4),
(3, 'Set of Four Hand-Painted Ceramic Mugs - Floral Design', 'A beautiful set of four unique ceramic mugs, each hand-painted with a delicate floral design in vibrant colors. Perfect for enjoying your morning coffee or tea. Dishwasher and microwave safe. Brand new, in a gift box.', 280.00, 35, 'New', NULL, DATE_SUB(CURDATE(), INTERVAL FLOOR(RAND() * 730) DAY), 0, 85, 'Home & Garden', 6),
(4, 'Refurbished Apple iPhone 12 - 128GB - Black', 'A fully functional Apple iPhone 12 with 128GB of storage in black. Professionally refurbished, tested, and cleaned. May have minor cosmetic imperfections such as light scratches. Comes with a charging cable and adapter in a generic box. Backed by a 90-day warranty.', 8500.00, 12, 'Refurbished', 'Minor scratches on the screen and casing', DATE_SUB(CURDATE(), INTERVAL FLOOR(RAND() * 730) DAY), 5, 540, 'Electronics', 9),
(5, 'Outdoor Camping Tent - Sleeps 4 - Waterproof', 'A spacious and durable four-person camping tent, designed for all-weather conditions. Features a waterproof outer layer, sturdy fiberglass poles, and excellent ventilation. Easy to set up and pack down. Used once for a weekend trip', 950.00, 8, 'Used', 'Slight dirt marks on the bottom, otherwise in perfect working order.', DATE_SUB(CURDATE(), INTERVAL FLOOR(RAND() * 730) DAY), 0, 180, 'Home & Garden', 12),
(6, 'Brand New Wireless Bluetooth Headphones - Noise Cancelling', 'High-quality wireless Bluetooth headphones with active noise-cancelling technology for immersive sound. Features comfortable over-ear cushions, long battery life, and a built-in microphone for calls. Brand new in sealed packaging.', 1599.00, 25, 'New', NULL, DATE_SUB(CURDATE(), INTERVAL FLOOR(RAND() * 730) DAY), 0, 420, 'Electronics', 14),
(7, 'Antique Wooden Wall Clock - Pendulum Style', 'An elegant antique wooden wall clock with a classic pendulum design. Features Roman numeral markings and ornate detailing. The clock mechanism has been recently serviced and is in working order. Shows signs of age and wear, adding to its antique charm.', 780.00, 3, 'Used', 'Some fading of the wood finish, minor scratches on the clock face cover.', DATE_SUB(CURDATE(), INTERVAL FLOOR(RAND() * 730) DAY), 10, 65, 'Home & Garden', 17),
(8, 'Gaming Keyboard - Mechanical with RGB Backlighting', 'A high-performance mechanical gaming keyboard with customizable RGB backlighting. Features tactile and clicky key switches for a responsive typing experience. Includes anti-ghosting and N-key rollover. Brand new in original box.', 1150.00, 18, 'New', NULL, DATE_SUB(CURDATE(), INTERVAL FLOOR(RAND() * 730) DAY), 5, 290, 'Electronics', 23),
(9, 'Second-Hand Ladies Leather Boots - Size 7', 'A stylish pair of ladies'' leather boots in size 7. Features a comfortable heel height and a durable sole. Worn a few times, in very good condition. Cleaned and ready to wear.', 550.00, 7, 'Used', 'Minor creasing on the leather.', DATE_SUB(CURDATE(), INTERVAL FLOOR(RAND() * 730) DAY), 0, 110, 'Clothing', 27),
(10, 'Digital Kitchen Scale - Stainless Steel - High Precision', 'A sleek and accurate digital kitchen scale with a stainless steel platform. Features a large LCD display and multiple weighing units. Brand new in original packaging.', 220.00, 40, 'New', NULL, DATE_SUB(CURDATE(), INTERVAL FLOOR(RAND() * 730) DAY), 0, 70, 'Home & Garden', 2),
(11, 'Used GoPro Hero 7 Black - 4K Action Camera', 'A rugged and waterproof GoPro Hero 7 Black action camera capable of recording 4K video. Features HyperSmooth video stabilization and voice control. Used for a few outdoor adventures, in excellent working condition. Includes original battery and mounting accessories.', 3200.00, 6, 'Used', 'All functions tested and working perfectly.', DATE_SUB(CURDATE(), INTERVAL FLOOR(RAND() * 730) DAY), 25, 215, 'Electronics', 4),
(12, 'Brand New Set of Watercolor Paint Tubes - 36 Colors', 'A comprehensive set of 36 vibrant watercolor paint tubes for artists of all levels. High-quality pigments with excellent lightfastness. Brand new and sealed in the original packaging.', 480.00, 30, 'New', NULL, DATE_SUB(CURDATE(), INTERVAL FLOOR(RAND() * 730) DAY), 0, 95, 'Books & Stationary', 6),
(13, 'Refurbished Dell XPS 13 Laptop - Intel Core i5 - 8GB RAM - 256GB SSD', 'A powerful and ultraportable Dell XPS 13 laptop. Features an Intel Core i5 processor, 8GB of RAM, and a fast 256GB solid-state drive. Professionally refurbished, fully tested, and running smoothly. May have minor cosmetic blemishes. Comes with a charger.', 9800.00, 9, 'Refurbished', 'Small scratch on the lid, otherwise in excellent working order.', DATE_SUB(CURDATE(), INTERVAL FLOOR(RAND() * 730) DAY), 10, 380, 'Electronics', 9),
(14, 'Second-Hand Men''s Leather Wallet - Bi-fold Style', 'A classic bi-fold leather wallet for men with multiple card slots and a bill compartment. Made from genuine leather. Used for about a year, still in good condition. Cleaned and ready for use.', 280.00, 15, 'Used', 'Good condition', DATE_SUB(CURDATE(), INTERVAL FLOOR(RAND() * 730) DAY), 0, 75, 'Clothing', 12),
(15, 'Brand New Smartwatch with Heart Rate and GPS Tracking', 'A feature-packed smartwatch with built-in heart rate monitor, GPS tracking, and sleep analysis. Compatible with both Android and iOS. Long battery life. Brand new in its original box.', 1850.00, 22, 'New', NULL, DATE_SUB(CURDATE(), INTERVAL FLOOR(RAND() * 730) DAY), 0, 450, 'Electronics', 14),
(16, 'Antique Brass Telescope on Wooden Tripod', 'A beautiful antique brass telescope mounted on a sturdy wooden tripod. Offers a unique decorative piece for your home or office. The telescope may or may not be functional for stargazing. Shows significant signs of age and patina.', 1200.00, 2, 'Used', 'Considerable tarnish on the brass, tripod has some minor scratches.', DATE_SUB(CURDATE(), INTERVAL FLOOR(RAND() * 730) DAY), 0, 50, 'Toys', 17),
(17, 'Gaming Mouse - Wired with High DPI and Programmable Buttons', 'A precision wired gaming mouse with adjustable DPI settings and multiple programmable buttons for a competitive edge. Features ergonomic design and customizable RGB lighting. Brand new in original packaging.', 650.00, 28, 'New', NULL, DATE_SUB(CURDATE(), INTERVAL FLOOR(RAND() * 730) DAY), 5, 260, 'Electronics', 23),
(18, 'Second-Hand Denim Jacket - Men''s Size Large', 'A classic denim jacket for men in size large. Features button-up closure and multiple pockets. Worn a few times, in great condition. Recently washed.', 420.00, 10, 'Used', 'No stains or tears, minimal fading.', DATE_SUB(CURDATE(), INTERVAL FLOOR(RAND() * 730) DAY), 10, 90, 'Clothing', 27),
(19, 'Brand New Portable Bluetooth Speaker - Waterproof', 'A compact and powerful portable Bluetooth speaker with an IPX7 waterproof rating. Perfect for outdoor use. Features long battery life and excellent sound quality. Brand new in sealed packaging.', 580.00, 35, 'New', NULL, DATE_SUB(CURDATE(), INTERVAL FLOOR(RAND() * 730) DAY), 0, 190, 'Electronics', 2),
(20, 'Used Electric Guitar - Stratocaster Style - Sunburst Finish', 'An iconic Stratocaster style electric guitar with a classic sunburst finish. Plays well and has a great sound. Used for a few years, shows some minor cosmetic wear. Recently restrung.', 5500.00, 4, 'Used', 'A few small dings on the body', DATE_SUB(CURDATE(), INTERVAL FLOOR(RAND() * 730) DAY), 20, 320, 'Toys', 4),
(21, 'Brand New 27-inch IPS Monitor - 144Hz - 1ms Response Time', 'A high-performance 27-inch IPS monitor with a fast 144Hz refresh rate and 1ms response time. Ideal for gaming and multimedia. Features vibrant colors and wide viewing angles. Brand new in its original box.', 4200.00, 15, 'New', NULL, DATE_SUB(CURDATE(), INTERVAL FLOOR(RAND() * 730) DAY), 0, 280, 'Electronics', 6),
(22, 'Used Ladies Designer Handbag - Genuine Leather - Beige', 'A stylish designer handbag made from genuine beige leather. Features multiple compartments and a secure closure. Used a few times for special occasions, in excellent condition. Comes with its original dust bag.', 2800.00, 3, 'Used', 'No visible marks or wear on the leather or lining.', DATE_SUB(CURDATE(), INTERVAL FLOOR(RAND() * 730) DAY), 0, 140, 'Clothing', 9),
(23, 'Brand New Fitness Tracker - Waterproof with Heart Rate Monitor', 'A sleek and waterproof fitness tracker that monitors your daily activity, heart rate, and sleep patterns. Connects to your smartphone via Bluetooth. Long battery life. Brand new in its original packaging.', 750.00, 25, 'New', NULL, DATE_SUB(CURDATE(), INTERVAL FLOOR(RAND() * 730) DAY), 0, 210, 'Sports', 12),
(24, 'Antique Silver Tea Set - Four Pieces', 'A beautiful antique silver tea set consisting of a teapot, sugar bowl, creamer, and a serving tray. Features intricate engravings and a classic design. Shows significant signs of age and tarnish, adding to its antique charm.', 1800.00, 1, 'Used', 'Considerable tarnish on the silver, some minor dents and scratches.', DATE_SUB(CURDATE(), INTERVAL FLOOR(RAND() * 730) DAY), 0, 45, 'Home & Garden', 14),
(25, 'Gaming Headset - Over-Ear with Microphone - Surround Sound', 'A comfortable over-ear gaming headset with a high-quality microphone for clear communication. Features immersive surround sound for an enhanced gaming experience. Brand new in its original box.', 920.00, 20, 'New', NULL, DATE_SUB(CURDATE(), INTERVAL FLOOR(RAND() * 730) DAY), 5, 350, 'Electronics', 17),
(26, 'Second-Hand Men''s Dress Shoes - Leather - Size 10', 'A pair of classic men''s dress shoes made from genuine leather in size 10. Features a polished finish and comfortable fit. Worn a few times for formal events, in very good condition. Recently polished.', 680.00, 5, 'Used', 'Minor creasing on the leather, soles show minimal wear.', DATE_SUB(CURDATE(), INTERVAL FLOOR(RAND() * 730) DAY), 0, 105, 'Clothing', 23),
(27, 'Brand New Portable Projector - HD Resolution', 'A compact and portable projector with HD resolution. Ideal for home entertainment or presentations. Features built-in speakers and multiple connectivity options. Brand new in its original box.', 3500.00, 12, 'New', NULL, DATE_SUB(CURDATE(), INTERVAL FLOOR(RAND() * 730) DAY), 0, 170, 'Electronics', 27),
(28, 'Used Mountain Bike - Aluminum Frame - 21 Speed', 'A sturdy mountain bike with a lightweight aluminum frame and 21-speed gears. Features front suspension for a comfortable ride on various terrains. Used for recreational riding, in good working condition. Recently serviced.', 2200.00, 7, 'Used', 'Some minor scratches on the frame, tires in good condition.', DATE_SUB(CURDATE(), INTERVAL FLOOR(RAND() * 730) DAY), 20, 195, 'Sports', 2),
(29, 'Brand New Bluetooth Turntable with Built-in Speakers', 'A modern Bluetooth turntable with built-in stereo speakers. Allows you to play vinyl records and stream music wirelessly. Features a sleek design. Brand new in its original packaging.', 1450.00, 18, 'New', NULL, DATE_SUB(CURDATE(), INTERVAL FLOOR(RAND() * 730) DAY), 0, 115, 'Electronics', 4),
(30, 'Used Ladies Winter Coat - Wool Blend - Size Medium', 'A warm and stylish ladies'' winter coat made from a wool blend in size medium. Features a comfortable lining and a button-up closure. Worn for one winter season, in excellent condition. Professionally dry cleaned.', 950.00, 6, 'Used', 'No stains, tears, or signs of significant wear.', DATE_SUB(CURDATE(), INTERVAL FLOOR(RAND() * 730) DAY), 15, 80, 'Clothing', 6),
(31, 'Brand New Wireless Security Camera System - 4 Cameras - Night Vision', 'A complete wireless security camera system with four weatherproof cameras featuring night vision. Easy to set up and monitor via a smartphone app. Brand new in its original packaging.', 2900.00, 10, 'New', NULL, DATE_SUB(CURDATE(), INTERVAL FLOOR(RAND() * 730) DAY), 0, 130, 'Electronics', 9),
(32, 'Used Children''s Bicycle - 16 Inch Wheels - Training Wheels Included', 'A sturdy children''s bicycle with 16-inch wheels. Comes with removable training wheels. Used by one child, in good working condition. Some minor scratches on the frame.', 800.00, 5, 'Used', 'A few scratches on the paintwork, tires are in good shape.', DATE_SUB(CURDATE(), INTERVAL FLOOR(RAND() * 730) DAY), 25, 60, 'Toys', 12),
(33, 'Brand New Electric Kettle - Stainless Steel - Fast Boil', 'A modern electric kettle made from stainless steel with a fast boiling function. Features automatic shut-off and boil-dry protection. Brand new in its original box.', 380.00, 30, 'New', NULL, DATE_SUB(CURDATE(), INTERVAL FLOOR(RAND() * 730) DAY), 0, 90, 'Home & Garden', 14),
(34, 'Antique Wooden Jewelry Box with Velvet Lining', 'A beautiful antique wooden jewelry box with a soft velvet lining. Features multiple compartments for storing rings, necklaces, and earrings. Shows signs of age and wear, adding to its vintage charm.', 620.00, 2, 'Used', 'Some scratches on the wood exterior, velvet lining is intact but slightly faded.', DATE_SUB(CURDATE(), INTERVAL FLOOR(RAND() * 730) DAY), 0, 35, 'Beauty', 17),
(35, 'Gaming Chair - Ergonomic Design with Reclining Feature', 'A comfortable and ergonomic gaming chair with a high back and reclining feature. Features adjustable armrests and lumbar support. Brand new in its original box.', 2100.00, 15, 'New', NULL, DATE_SUB(CURDATE(), INTERVAL FLOOR(RAND() * 730) DAY), 5, 240, 'Electronics', 23),
(36, 'Second-Hand Bookshelf - Solid Wood - Three Shelves', 'A sturdy bookshelf made from solid wood with three spacious shelves. Ideal for storing books, decor, and more. Used but in good condition. Minor wear and tear.', 750.00, 8, 'Used', 'Some light scratches on the surfaces, structurally sound.', DATE_SUB(CURDATE(), INTERVAL FLOOR(RAND() * 730) DAY), 0, 70, 'Home & Garden', 27),
(37, 'Brand New Cordless Vacuum Cleaner - Lightweight and Powerful', 'A lightweight and powerful cordless vacuum cleaner with multiple attachments for versatile cleaning. Long battery life. Brand new in its original packaging.', 3200.00, 12, 'New', NULL, DATE_SUB(CURDATE(), INTERVAL FLOOR(RAND() * 730) DAY), 0, 160, 'Electronics', 2),
(38, 'Used Skateboard - Standard Size - Good Condition', 'A standard-sized skateboard in good working condition. Features sturdy trucks and smooth-rolling wheels. Used for recreational skating. Some cosmetic wear.', 550.00, 6, 'Used', 'Scratches on the deck, wheels and bearings are in good order.', DATE_SUB(CURDATE(), INTERVAL FLOOR(RAND() * 730) DAY), 0, 100, 'Sports', 4),
(39, 'Brand New Digital Camera - 20MP - 1080p Video Recording', 'A user-friendly digital camera with a 20-megapixel sensor and the ability to record 1080p videos. Features a built-in flash and LCD screen. Brand new in its original box.', 1100.00, 20, 'New', NULL, DATE_SUB(CURDATE(), INTERVAL FLOOR(RAND() * 730) DAY), 0, 120, 'Electronics', 6),
(40, 'Used Acoustic Guitar - Dreadnought Style - Natural Finish', 'A classic dreadnought style acoustic guitar with a natural wood finish. Produces a rich and full sound. Used for a few years, well-maintained. Recently restrung.', 3800.00, 3, 'Used', 'A few minor scratches on the body, no cracks or structural damage.', DATE_SUB(CURDATE(), INTERVAL FLOOR(RAND() * 730) DAY), 0, 220, 'Electronics', 9),
(41, 'Brand New Robot Vacuum Cleaner - Self-Charging - App Control', 'An intelligent robot vacuum cleaner that automatically navigates and cleans your floors. Features self-charging, app control, and multiple cleaning modes. Brand new in its original box.', 4500.00, 8, 'New', NULL, DATE_SUB(CURDATE(), INTERVAL FLOOR(RAND() * 730) DAY), 0, 145, 'Electronics', 12),
(42, 'Used Inline Skates - Adjustable Size 8-11 - Good Condition', 'A pair of adjustable inline skates suitable for shoe sizes 8 to 11. Comfortable and in good working condition. Used a few times for recreational skating. Minor scuffs and scratches.', 700.00, 4, 'Used', 'Some cosmetic scratches on the plastic frame, wheels and bearings are smooth.', DATE_SUB(CURDATE(), INTERVAL FLOOR(RAND() * 730) DAY), 10, 55, 'Sports', 14),
(43, 'Brand New Espresso Machine - Stainless Steel - 15 Bar Pump', 'A high-quality stainless steel espresso machine with a 15-bar pump for rich and flavorful espresso. Features a milk frother for cappuccinos and lattes. Brand new in its original box.', 3200.00, 10, 'New', NULL, DATE_SUB(CURDATE(), INTERVAL FLOOR(RAND() * 730) DAY), 0, 110, 'Home & Garden', 17),
(44, 'Antique Brass Floor Lamp with Adjustable Arm', 'A stylish antique brass floor lamp with an adjustable arm, perfect for reading or task lighting. Features a classic design. Shows signs of age and patina, adding to its vintage appeal. Working condition.', 980.00, 1, 'Used', 'Some tarnish on the brass.', DATE_SUB(CURDATE(), INTERVAL FLOOR(RAND() * 730) DAY), 0, 40, 'Home & Garden', 23),
(45, 'Gaming Laptop - 15.6 inch - Intel Core i7 - 16GB RAM - 512GB SSD - RTX Graphics', 'A powerful 15.6-inch gaming laptop with an Intel Core i7 processor, 16GB of RAM, a fast 512GB SSD, and dedicated RTX graphics. Delivers excellent gaming performance. Brand new in its original box.', 18500.00, 5, 'New', NULL, DATE_SUB(CURDATE(), INTERVAL FLOOR(RAND() * 730) DAY), 0, 295, 'Electronics', 27),
(46, 'Second-Hand Office Desk - Large - Solid Wood', 'A large and sturdy office desk made from solid wood. Features multiple drawers for storage. Used but in good condition. Some minor wear and tear on the surface.', 1500.00, 3, 'Used', 'A few light scratches on the desktop.', DATE_SUB(CURDATE(), INTERVAL FLOOR(RAND() * 730) DAY), 0, 85, 'Home & Garden', 2),
(47, 'Brand New Action Camera - 4K - Waterproof - Touchscreen', 'A compact and rugged action camera capable of recording 4K video. Features a touchscreen display, waterproof design, and image stabilization. Brand new in its original packaging.', 2600.00, 15, 'New', NULL, DATE_SUB(CURDATE(), INTERVAL FLOOR(RAND() * 730) DAY), 0, 135, 'Electronics', 4),
(48, 'Used Ladies Leather Jacket - Size Small - Black', 'A classic black leather jacket for ladies in size small. Features a zip-up closure and multiple pockets. Worn a few times, in excellent condition. Cleaned and ready to wear.', 1200.00, 7, 'Used', 'No tears or significant wear on the leather.', DATE_SUB(CURDATE(), INTERVAL FLOOR(RAND() * 730) DAY), 0, 95, 'Home & Garden', 6),
(49, 'Brand New Smart Home Hub - Voice Control Compatible', 'A central smart home hub that allows you to control various smart devices using voice commands and a smartphone app. Compatible with multiple protocols. Brand new in its original box.', 550.00, 20, 'New', NULL, DATE_SUB(CURDATE(), INTERVAL FLOOR(RAND() * 730) DAY), 0, 100, 'Electronics', 9),
(50, 'Brand New Extra Large Dog Bed - Orthopedic Memory Foam', 'A luxurious and supportive extra-large dog bed filled with orthopedic memory foam. Features a washable, durable cover and provides excellent comfort for older or larger dogs. Brand new in packaging.', 1150.00, 15, 'New', NULL, DATE_SUB(CURDATE(), INTERVAL FLOOR(RAND() * 730) DAY), 0, 60, 'Pets', 14),
(51, 'Used Cat Tree - Multi-Level with Scratching Posts', 'A multi-level cat tree with several platforms for lounging, scratching posts wrapped in sisal rope, and a cozy hideaway. Used by one cat for a year, in good condition. Cleaned and ready for a new home.', 680.00, 5, 'Used', 'Some wear on the scratching posts, platforms are sturdy.', DATE_SUB(CURDATE(), INTERVAL FLOOR(RAND() * 730) DAY), 20, 45, 'Pets', 17),
(52, 'Brand New Fish Tank - 20 Gallon - Complete Starter Kit', 'A 20-gallon glass fish tank complete with a filter, heater, LED lighting, gravel, and a decorative plant. Perfect for beginners. Brand new in its original box.', 920.00, 10, 'New', NULL, DATE_SUB(CURDATE(), INTERVAL FLOOR(RAND() * 730) DAY), 0, 75, 'Pets', 23),
(53, 'Used Hamster Cage - Two Levels with Accessories', 'A two-level hamster cage with a running wheel, food bowl, water bottle, and tunnels. Used for six months, thoroughly cleaned and disinfected. In good working order.', 350.00, 8, 'Used', 'Some minor chew marks on the plastic parts, all accessories included.', DATE_SUB(CURDATE(), INTERVAL FLOOR(RAND() * 730) DAY), 15, 30, 'Pets', 27),
(54, 'Brand New Bird Cage - Large with Perches and Feeders', 'A spacious bird cage suitable for parakeets, finches, or canaries. Includes multiple perches, food and water feeders, and a removable tray for easy cleaning. Brand new in its flat-pack box.', 520.00, 12, 'New', NULL, DATE_SUB(CURDATE(), INTERVAL FLOOR(RAND() * 730) DAY), 0, 50, 'Pets', 2),
(55, 'Used Mountain Bike Helmet - Adult - Size Large', 'A durable adult mountain bike helmet in size large. Offers excellent head protection for cycling. Used for one season, no major impacts. Cleaned and in good condition.', 400.00, 7, 'Used', 'Some minor scratches on the outer shell, straps and buckles are fully functional.', DATE_SUB(CURDATE(), INTERVAL FLOOR(RAND() * 730) DAY), 25, 35, 'Sports', 4),
(56, 'Brand New LEGO Star Wars Millennium Falcon - Ultimate Collector Series', 'The iconic LEGO Star Wars Millennium Falcon from the Ultimate Collector Series. A highly detailed set with thousands of pieces. Brand new and sealed in its original box. A sought-after collectible.', 15000.00, 2, 'New', NULL, DATE_SUB(CURDATE(), INTERVAL FLOOR(RAND() * 730) DAY), 0, 110, 'Toys', 6),
(57, 'Used Wooden Train Set with Tracks and Accessories', 'A large wooden train set including various tracks, trains, bridges, buildings, and figures. Used by one child, in good condition. Provides hours of imaginative play.', 850.00, 4, 'Used', 'Some minor paint chips on a few pieces, all tracks fit together securely.', DATE_SUB(CURDATE(), INTERVAL FLOOR(RAND() * 730) DAY), 20, 65, 'Toys', 9),
(58, 'Brand New Remote Control Drone with HD Camera', 'A beginner-friendly remote control drone equipped with an HD camera for aerial photography and videography. Features easy controls, altitude hold, and long flight time. Brand new in its original box.', 1200.00, 10, 'New', NULL, DATE_SUB(CURDATE(), INTERVAL FLOOR(RAND() * 730) DAY), 0, 90, 'Toys', 12),
(59, 'Used Set of Classic Novels - Jane Austen Collection (6 Books)', 'A beautiful set of six classic novels by Jane Austen, including Pride and Prejudice, Sense and Sensibility, and Emma. Paperback editions, read once, in excellent condition.', 450.00, 6, 'Used', 'No tears or markings inside, minor shelf wear on the covers.', DATE_SUB(CURDATE(), INTERVAL FLOOR(RAND() * 730) DAY), 15, 55, 'Books & Stationary', 14),
(60, 'Brand New Artist Sketchbook - Large - 100 Pages - Acid-Free Paper', 'A high-quality artist sketchbook with 100 pages of thick, acid-free paper. Ideal for sketching, drawing, and mixed media. Large format for ample creative space. Brand new and unused.', 280.00, 15, 'New', NULL, DATE_SUB(CURDATE(), INTERVAL FLOOR(RAND() * 730) DAY), 0, 40, 'Books & Stationary', 17),
(61, 'Brand New Makeup Brush Set - 12 Pieces', 'A professional makeup brush set with 12 high-quality brushes for flawless application. Includes brushes for foundation, eyeshadow, and more. Brand new in a stylish carrying case.', 350.00, 20, 'New', NULL, DATE_SUB(CURDATE(), INTERVAL FLOOR(RAND() * 730) DAY), 0, 75, 'Beauty', 14),
(62, 'Used Vanity Mirror with LED Lights', 'A sleek vanity mirror with built-in LED lights for perfect lighting while applying makeup. Adjustable brightness settings. Used but in excellent condition.', 800.00, 5, 'Used', 'Minor scratches on the frame.', DATE_SUB(CURDATE(), INTERVAL FLOOR(RAND() * 730) DAY), 0, 50, 'Beauty', 17),
(63, 'Brand New Skincare Gift Set - 5 Items', 'A luxurious skincare gift set including a cleanser, toner, moisturizer, serum, and face mask. Perfect for pampering yourself or as a gift. Brand new in its original packaging.', 1200.00, 10, 'New', "Brand new. Sealed box", DATE_SUB(CURDATE(), INTERVAL FLOOR(RAND() * 730) DAY), 10, 90, 'Beauty', 23),
(64, 'Noise-Cancelling Bluetooth Headphones - Over-Ear', 'Immerse yourself in pure sound with these comfortable over-ear noise-cancelling Bluetooth headphones. Features long battery life, clear audio, and built-in microphone for calls. Brand new, sealed in original packaging.', 1899.00, 25, 'New', NULL, DATE_SUB(CURDATE(), INTERVAL FLOOR(RAND() * 730) DAY), 0, 420, 'Electronics', 14),
(65, 'Classic Hardcover Novel - "The Great Gatsby"', 'A timeless literary classic, "The Great Gatsby" by F. Scott Fitzgerald. This edition features a durable hardcover binding and high-quality paper. Perfect for any book lover or student. New and unread.', 150.00, 50, 'New', NULL, DATE_SUB(CURDATE(), INTERVAL FLOOR(RAND() * 730) DAY), 0, 90, 'Books & Stationary', 17),
(66, 'Children''s Educational Building Blocks Set - 100 Pieces', 'A vibrant 100-piece building block set designed to spark creativity and develop fine motor skills in children. Made from non-toxic, durable plastic. Compatible with major brands. Lightly used, all pieces accounted for.', 320.00, 15, 'Used', 'Minor scuffs on a few blocks, no broken pieces.', DATE_SUB(CURDATE(), INTERVAL FLOOR(RAND() * 730) DAY), 0, 110, 'Toys', 23),
(67, 'Luxury Anti-Aging Serum with Hyaluronic Acid', 'A premium anti-aging serum formulated with powerful hyaluronic acid and natural antioxidants to hydrate, firm, and rejuvenate your skin. For all skin types. Brand new, sealed bottle.', 750.00, 30, 'New', NULL, DATE_SUB(CURDATE(), INTERVAL FLOOR(RAND() * 730) DAY), 0, 250, 'Beauty', 27),
(68, 'Men''s Running Shoes - Lightweight - Size 9', 'Lightweight and breathable running shoes for men, designed for optimal performance and comfort. Features responsive cushioning and a durable rubber sole. Size 9 (UK). Worn a few times for short runs.', 680.00, 7, 'Used', 'Slight wear on the sole, otherwise in excellent condition.', DATE_SUB(CURDATE(), INTERVAL FLOOR(RAND() * 730) DAY), 10, 160, 'Sports', 2),
(69, 'Wireless Gaming Mouse - RGB Backlit', 'Experience precision and speed with this wireless gaming mouse, featuring customizable RGB backlighting and adjustable DPI settings. Ergonomic design for extended gaming sessions. Brand new, in original box.', 499.00, 18, 'New', NULL, DATE_SUB(CURDATE(), INTERVAL FLOOR(RAND() * 730) DAY), 0, 195, 'Electronics', 4),
(70, 'Pet Dog Chew Toy - Durable Rubber Bone', 'A durable and non-toxic rubber bone chew toy for dogs of all sizes. Helps with dental health and reduces boredom. Resists aggressive chewing. Brand new with tags.', 95.00, 40, 'New', NULL, DATE_SUB(CURDATE(), INTERVAL FLOOR(RAND() * 730) DAY), 0, 70, 'Pets', 6),
(71, 'Yoga Mat - Non-Slip - Eco-Friendly Material', 'An eco-friendly and non-slip yoga mat, providing excellent grip and cushioning for your practice. Made from sustainable TPE material. Easy to clean and carry. Brand new, still rolled in plastic.', 350.00, 22, 'New', NULL, DATE_SUB(CURDATE(), INTERVAL FLOOR(RAND() * 730) DAY), 0, 130, 'Sports', 9),
(72, 'Vintage Style Wall Clock - Large Roman Numerals', 'Add a touch of classic elegance to your home with this large vintage-style wall clock featuring prominent Roman numerals. Made from sturdy metal. Requires 1x AA battery (not included). Excellent condition, works perfectly.', 550.00, 3, 'Used', 'Minor superficial scratches on the metal frame, barely visible.', DATE_SUB(CURDATE(), INTERVAL FLOOR(RAND() * 730) DAY), 0, 105, 'Home & Garden', 12),
(73, 'Kids'' Art Supplies Kit - Drawing & Painting Set', 'A comprehensive art supplies kit for children, including crayons, colored pencils, markers, watercolors, and a drawing pad. Perfect for fostering creativity. New, sealed in its original carrying case.', 299.99, 28, 'New', NULL, DATE_SUB(CURDATE(), INTERVAL FLOOR(RAND() * 730) DAY), 0, 80, 'Books & Stationary', 14),
(74, 'Women''s Summer Dress - Floral Print - Size M', 'A light and airy floral print summer dress for women, perfect for warm weather. Features a comfortable fit and a flattering silhouette. Made from breathable fabric. New with tags, never worn.', 380.00, 10, 'New', NULL, DATE_SUB(CURDATE(), INTERVAL FLOOR(RAND() * 730) DAY), 0, 95, 'Clothing', 17),
(75, 'Indoor Plant Pot Set - Ceramic - Assorted Colors', 'A set of three modern ceramic indoor plant pots in assorted pastel colors. Ideal for small to medium-sized plants. Features a drainage hole and saucer. New, in original packaging.', 220.00, 25, 'New', NULL, DATE_SUB(CURDATE(), INTERVAL FLOOR(RAND() * 730) DAY), 0, 65, 'Home & Garden', 23),
(76, 'Beginner Acoustic Guitar - Full Size', 'A great entry-level acoustic guitar, perfect for aspiring musicians. Features a comfortable neck and clear, resonant sound. Comes with a soft carrying case. Used, but in good playing condition.', 1200.00, 4, 'Used', 'Minor scratches on the body, no impact on sound.', DATE_SUB(CURDATE(), INTERVAL FLOOR(RAND() * 730) DAY), 0, 150, 'Sports', 27),
(77, 'Set of 6 Scented Candles - Mixed Aromas', 'A beautiful set of six scented candles, each with a unique and calming aroma (lavender, vanilla, sandalwood, etc.). Made from natural soy wax. Perfect for creating a relaxing ambiance. New, in a gift box.', 190.00, 30, 'New', NULL, DATE_SUB(CURDATE(), INTERVAL FLOOR(RAND() * 730) DAY), 0, 115, 'Beauty', 2),
(78, 'Children''s Picture Book - "The Very Hungry Caterpillar"', 'A beloved classic children''s picture book, "The Very Hungry Caterpillar" by Eric Carle. Engaging illustrations and a simple story for young readers. Gently used, clean pages.', 90.00, 18, 'Used', 'Slight wear on the cover edges, interior pages are clean.', DATE_SUB(CURDATE(), INTERVAL FLOOR(RAND() * 730) DAY), 0, 55, 'Books & Stationary', 4),
(79, 'Folding Camping Chair - Portable & Lightweight', 'A sturdy and lightweight folding camping chair, perfect for outdoor adventures, picnics, or sporting events. Comes with a carrying bag for easy transport. Used once, excellent condition.', 250.00, 12, 'Used', 'No visible wear, functions perfectly.', DATE_SUB(CURDATE(), INTERVAL FLOOR(RAND() * 730) DAY), 0, 75, 'Home & Garden', 6),
(80, 'Professional Watercolor Paint Set - 24 Colors', 'A high-quality watercolor paint set with 24 vibrant colors, suitable for both beginners and experienced artists. Includes a brush and mixing palette. New, in a sturdy tin case.', 450.00, 15, 'New', NULL, DATE_SUB(CURDATE(), INTERVAL FLOOR(RAND() * 730) DAY), 0, 100, 'Books & Stationary', 9),
(81, 'Soft Plush Teddy Bear - Large Size', 'A cuddly and super soft large plush teddy bear, perfect for hugs and comfort. Made from high-quality, child-safe materials. Brand new with tags.', 300.00, 20, 'New', NULL, DATE_SUB(CURDATE(), INTERVAL FLOOR(RAND() * 730) DAY), 0, 60, 'Toys', 12),
(82, 'Anti-Dandruff Shampoo - 500ml', 'An effective anti-dandruff shampoo formulated to control flakes and soothe an itchy scalp. Leaves hair feeling clean and refreshed. Suitable for daily use. New, sealed bottle.', 120.00, 35, 'New', NULL, DATE_SUB(CURDATE(), INTERVAL FLOOR(RAND() * 730) DAY), 0, 88, 'Beauty', 14),
(83, 'Adjustable Pet Harness - Medium Dog', 'A comfortable and adjustable pet harness for medium-sized dogs. Features reflective stitching for night visibility and a strong D-ring for leash attachment. New with tags.', 180.00, 15, 'New', NULL, DATE_SUB(CURDATE(), INTERVAL FLOOR(RAND() * 730) DAY), 0, 45, 'Pets', 17),
(84, 'Men''s Casual Denim Shirt - Light Wash - Size L', 'A versatile light wash denim shirt for men, perfect for a relaxed casual look. Features long sleeves and front pockets. Made from comfortable cotton denim. New with tags, never worn.', 420.00, 8, 'New', NULL, DATE_SUB(CURDATE(), INTERVAL FLOOR(RAND() * 730) DAY), 0, 70, 'Clothing', 23),
(85, 'Outdoor Solar Garden Lights - Pack of 6', 'Illuminate your garden pathways with this pack of six solar-powered LED garden lights. Automatically charges during the day and lights up at night. Easy to install. New, in original packaging.', 350.00, 18, 'New', NULL, DATE_SUB(CURDATE(), INTERVAL FLOOR(RAND() * 730) DAY), 0, 110, 'Home & Garden', 27),
(86, 'Yoga Blocks - Set of 2 - Foam', 'A set of two high-density foam yoga blocks, perfect for improving balance, flexibility, and support in various yoga poses. Lightweight and durable. Used once, almost new.', 180.00, 10, 'Used', 'Very minor indentation on one block from storage.', DATE_SUB(CURDATE(), INTERVAL FLOOR(RAND() * 730) DAY), 0, 50, 'Sports', 2),
(87, 'Hair Dryer - Compact Travel Size', 'A lightweight and compact hair dryer, ideal for travel or everyday use. Features multiple heat and speed settings. Foldable handle for easy storage. Brand new, in box.', 299.00, 15, 'New', NULL, DATE_SUB(CURDATE(), INTERVAL FLOOR(RAND() * 730) DAY), 0, 130, 'Beauty', 4),
(88, 'Children''s Storybook Collection - 5 Books', 'A delightful collection of five popular children''s storybooks, perfect for bedtime reading or encouraging young readers. Includes various themes and authors. All books are gently used.', 250.00, 12, 'Used', 'Minor creasing on some covers, interior pages are good.', DATE_SUB(CURDATE(), INTERVAL FLOOR(RAND() * 730) DAY), 0, 75, 'Books & Stationary', 6),
(89, 'Stainless Steel Water Bottle - 750ml - Insulated', 'A sleek and durable stainless steel water bottle, 750ml capacity, with double-wall insulation to keep drinks hot or cold for hours. Leak-proof design. New, in original packaging.', 220.00, 20, 'New', NULL, DATE_SUB(CURDATE(), INTERVAL FLOOR(RAND() * 730) DAY), 0, 90, 'Sports', 9),
(90, 'Interactive Cat Toy - Laser Pointer', 'An engaging interactive laser pointer toy for cats, providing endless entertainment and exercise. Features multiple patterns. Batteries included. New, in blister pack.', 85.00, 30, 'New', NULL, DATE_SUB(CURDATE(), INTERVAL FLOOR(RAND() * 730) DAY), 0, 40, 'Pets', 12),
(101, 'Artist''s Sketchbook - A4 Hardcover - 100 Pages', 'A premium A4 hardcover sketchbook with 100 pages of high-quality, acid-free drawing paper. Perfect for pencils, charcoal, and ink. New, sealed.', 160.00, 25, 'New', NULL, DATE_SUB(CURDATE(), INTERVAL FLOOR(RAND() * 730) DAY), 0, 60, 'Books & Stationary', 14),
(102, 'Baby Walker - Adjustable Height', 'A fun and safe baby walker with adjustable height settings and engaging toy tray. Helps babies learn to walk and provides entertainment. Cleaned thoroughly, in good working condition.', 650.00, 5, 'Used', 'Minor scuffs on plastic parts, fabric seat is clean.', DATE_SUB(CURDATE(), INTERVAL FLOOR(RAND() * 730) DAY), 0, 95, 'Toys', 17),
(103, 'Electric Kettle - 1.7 Litre - Stainless Steel', 'A modern 1.7-litre electric kettle made from durable stainless steel. Features rapid boil, auto shut-off, and boil-dry protection. Perfect for your kitchen. Brand new, in original box.', 480.00, 10, 'New', NULL, DATE_SUB(CURDATE(), INTERVAL FLOOR(RAND() * 730) DAY), 0, 140, 'Home & Garden', 23),
(104, 'Women''s Running Tights - High-Waist - Black - Size S', 'Comfortable and supportive high-waisted running tights for women in classic black. Features moisture-wicking fabric and a small key pocket. Perfect for workouts or casual wear. New with tags.', 350.00, 15, 'New', NULL, DATE_SUB(CURDATE(), INTERVAL FLOOR(RAND() * 730) DAY), 0, 80, 'Clothing', 27),
(105, 'Portable BBQ Grill - Compact & Foldable', 'A compact and foldable portable BBQ grill, perfect for picnics, camping, or small balconies. Easy to assemble and clean. Made from durable steel. Used once, thoroughly cleaned.', 700.00, 6, 'Used', 'Minor soot discoloration on the grill grates.', DATE_SUB(CURDATE(), INTERVAL FLOOR(RAND() * 730) DAY), 0, 100, 'Home & Garden', 2),
(106, 'Resistance Bands Set - 5 Levels', 'A versatile set of five resistance bands with varying resistance levels, suitable for all fitness levels. Perfect for strength training, yoga, and physical therapy. Comes with a carrying bag. New, in packaging.', 250.00, 22, 'New', NULL, DATE_SUB(CURDATE(), INTERVAL FLOOR(RAND() * 730) DAY), 0, 110, 'Sports', 4),
(107, 'Natural Clay Face Mask - Purifying', 'A purifying natural clay face mask, formulated to draw out impurities, minimize pores, and leave skin feeling refreshed and smooth. Suitable for all skin types. New, sealed tub.', 180.00, 28, 'New', NULL, DATE_SUB(CURDATE(), INTERVAL FLOOR(RAND() * 730) DAY), 0, 95, 'Beauty', 6),
(108, 'Jigsaw Puzzle - 1000 Pieces - Landscape Scene', 'A challenging and beautiful 1000-piece jigsaw puzzle featuring a stunning landscape scene. Perfect for relaxation and mental stimulation. All pieces accounted for. Completed once, then disassembled.', 199.00, 10, 'Used', 'Box shows minor shelf wear, puzzle pieces are in excellent condition.', DATE_SUB(CURDATE(), INTERVAL FLOOR(RAND() * 730) DAY), 0, 65, 'Toys', 9),
(109, 'Dog Bed - Large Size - Orthopedic Foam', 'A comfortable large-sized dog bed with orthopedic memory foam, providing excellent support for your pet''s joints. Removable, washable cover. Gently used, freshly laundered.', 850.00, 3, 'Used', 'Minor pilling on the fabric cover.', DATE_SUB(CURDATE(), INTERVAL FLOOR(RAND() * 730) DAY), 0, 70, 'Pets', 12),
(110, 'Calligraphy Pen Set - Beginner''s Kit', 'A complete calligraphy pen set for beginners, including multiple nibs, ink cartridges, and an instruction booklet. Perfect for learning the art of elegant writing. New, in a gift box.', 320.00, 18, 'New', NULL, DATE_SUB(CURDATE(), INTERVAL FLOOR(RAND() * 730) DAY), 0, 55, 'Books & Stationary', 14),
(111, 'Kids'' Tricycle - Sturdy Frame - Red', 'A durable and fun tricycle for young children, featuring a sturdy metal frame, comfortable seat, and easy-grip handlebars. Perfect for outdoor play. Lightly used, excellent condition.', 550.00, 4, 'Used', 'Minor scuffs on the wheels, otherwise very clean.', DATE_SUB(CURDATE(), INTERVAL FLOOR(RAND() * 730) DAY), 0, 85, 'Toys', 17),
(112, 'Aromatherapy Essential Oil Diffuser - Ultrasonic', 'An ultrasonic aromatherapy essential oil diffuser with color-changing LED lights. Creates a soothing mist and disperses your favorite essential oils. Auto shut-off feature. Brand new, in box.', 400.00, 12, 'New', NULL, DATE_SUB(CURDATE(), INTERVAL FLOOR(RAND() * 730) DAY), 0, 150, 'Beauty', 23),
(113, 'Gardening Tool Set - 3 Pieces (Trowel, Cultivator, Pruner)', 'A essential three-piece gardening tool set including a hand trowel, cultivator, and pruning shears. Made with durable stainless steel and ergonomic handles. New, in blister pack.', 280.00, 15, 'New', NULL, DATE_SUB(CURDATE(), INTERVAL FLOOR(RAND() * 730) DAY), 0, 90, 'Home & Garden', 27);


DROP TRIGGER temp_disable_trigger;

INSERT INTO employee (emp_id, first_name, last_name, email, password, date_registered, address, phone_no, role) VALUES
(1,'Zola', 'Nkosi', 'zola.nkosi@example.com', 'password123', '2024-01-15', '12 Protea Road, Claremont, Cape Town', '+27 21 671 0001', 'admin'),
(2,'Sipho', 'Mthembu', 'sipho.mthembu@example.com', 'securepass', '2023-11-20', '45 Acacia Avenue, Durban North, Durban', '+27 31 563 0002', 'mod'),
(3,'Fatima', 'Khan', 'fatima.khan@example.com', 'mysecret', '2024-03-01', '78 Rose Street, Fordsburg, Johannesburg', '+27 11 839 0003', 'pm'),
(4,'Pieter', 'Van der Merwe', 'pieter.vm@example.com', 'strongpwd', '2024-02-10', '33 Oak Lane, Stellenbosch, Western Cape', '+27 21 880 0004', 'mod'),
(5,'Nomusa', 'Zulu', 'nomusa.zulu@example.com', 'safe123', '2023-12-05', '101 Palm Drive, Umhlanga Rocks, Durban', '+27 31 561 0005', 'mod'),
(6,'Lerato', 'Moloi', 'lerato.moloi@example.com', 'passcode', '2024-04-01', '22 Lily Avenue, Soweto, Johannesburg', '+27 11 936 0006', 'pm'),
(7,'Thabo', 'Dlamini', 'thabo.d@example.com', 'hiddenkey', '2024-01-25', '5 Berg Street, Pretoria East, Pretoria', '+27 12 807 0007', 'mod'),
(8,'Aisha', 'Coetzee', 'aisha.c@example.com', 'topsecret', '2023-10-30', '67 Beach Road, Sea Point, Cape Town', '+27 21 434 0008', 'admin'),
(9,'Bongani', 'Sibisi', 'bongani.s@example.com', 'keyphrase', '2024-03-15', '14 Dolphin Crescent, Ballito, KwaZulu-Natal', '+27 32 946 0009', 'mod'),
(10,'Nadia', 'Reddy', 'nadia.r@example.com', 'supersecure', '2024-02-20', '8 Jasmine Court, Lenasia, Johannesburg', '+27 11 852 0010', 'pm'),
(11,'Kabelo', 'Mokone', 'kabelo.m@example.com', 'secretcode', '2023-11-10', '29 Bushwillow Street, Centurion, Pretoria', '+27 12 663 0011', 'mod'),
(12,'Samantha', 'Brown', 'samantha.b@example.com', 'mypassword', '2024-04-15', '9 Ocean View Drive, Bloubergstrand, Cape Town', '+27 21 554 0012', 'mod'),
(13,'Jabu', 'Ndlovu', 'jabu.n@example.com', 'strongpass', '2024-03-25', '37 Kingfisher Road, Westville, Durban', '+27 31 266 0013', 'pm'),
(14,'Megan', 'Smith', 'megan.s@example.com', 'privatekey', '2024-01-05', '51 Main Street, Parktown North, Johannesburg', '+27 11 447 0014', 'mod'),
(15,'Siyanda', 'Khumalo', 'siyanda.k@example.com', 'secureit', '2023-12-20', '18 River Lane, Irene, Pretoria', '+27 12 667 0015', 'mod'),
(16,'Leah', 'Johnson', 'leah.j@example.com', 'donttell', '2024-02-28', '77 High Street, Observatory, Cape Town', '+27 21 448 0016', 'admin'),
(17,'Gift', 'Chauke', 'gift.c@example.com', 'thisisprivate', '2024-04-25', '11 Springbok Road, Randburg, Johannesburg', '+27 11 791 0017', 'pm'),
(18,'Thandiwe', 'Nkosi', 'thandiwe.n@example.com', 'verysecret', '2024-03-05', '25 Aloe Avenue, Richards Bay, KwaZulu-Natal', '+27 35 789 0018', 'mod'),
(19,'Andre', 'Du Plessis', 'andre.dp@example.com', 'keepsafe', '2024-01-30', '49 School Road, Somerset West, Western Cape', '+27 21 851 0019', 'mod'),
(20,'Palesa', 'Nkosi', 'palesa.n@example.com', 'confidential', '2024-04-05', '9 Zebra Street, Midrand, Gauteng', '+27 11 315 0020', 'admin');

INSERT INTO review (review_id, user_id, product_id, comment, rating, date) VALUES
(1, 2, 1, 'Absolutely love this vintage messenger bag! The leather is beautiful and it has so much character. Perfect for my daily commute.', 5, '2024-11-10'),
(2, 5, 1, 'The bag is okay, but the leather shows more wear than I expected from the description.', 3, '2024-11-15'),
(3, 8, 1, 'Excellent quality and exactly as described. Very happy with my purchase!', 5, '2024-12-01'),
(4, 11, 2, 'This office chair has made a huge difference to my back pain. Very comfortable and supportive.', 5, '2024-12-20'),
(5, 15, 2, 'Assembly was a bit tricky, but once it was together, it felt pretty good.', 4, '2025-01-05'),
(6, 25, 3, 'These mugs are so pretty! The hand-painted designs are lovely and they feel nice to hold.', 5, '2025-01-12'),
(7, 7, 3, 'One of the mugs arrived with a small chip. Disappointed with the packaging.', 2, '2025-01-18'),
(8, 10, 4, 'The refurbished iPhone works perfectly and looks almost brand new. Great value for the price.', 4, '2025-02-01'),
(9, 13, 4, 'Battery life seems a little shorter than expected, but otherwise a good phone.', 3, '2025-02-10'),
(10, 16, 4, 'Very happy with my refurbished iPhone! It''s like getting a new phone for less.', 5, '2025-02-25'),
(11, 19, 5, 'This tent was perfect for our camping trip! Easy to set up and kept us dry during a surprise rain shower.', 5, '2025-03-05'),
(12, 4, 5, 'Good tent, but a bit heavier than I anticipated for backpacking.', 4, '2025-03-12'),
(13, 6, 6, 'Amazing noise-cancelling headphones! The sound quality is fantastic and they are so comfortable.', 5, '2025-03-20'),
(14, 9, 6, 'Battery life is as advertised and the noise cancelling is really effective.', 5, '2025-03-28'),
(15, 12, 7, 'This antique clock is a beautiful addition to my living room. The pendulum swing is so calming.', 5, '2025-04-05'),
(16, 14, 7, 'It''s a lovely clock, but it loses a few minutes every day.', 3, '2025-04-12'),
(17, 17, 8, 'Looks cool, feels a bit cheap though.', 3, '2025-04-20'),
(18, 1, 9, 'These leather boots are so stylish and comfortable. A great buy!', 5, '2025-05-01'),
(19, 5, 10, 'The digital scale is very accurate and easy to use. Perfect for my baking needs.', 5, '2024-11-25'),
(20, 27, 10, 'Simple and effective kitchen scale.', 4, '2024-12-15'),
(21, 20, 8, 'The mechanical keys are very responsive.', 4, '2025-04-28'),
(22, 3, 12, 'Absolutely beautiful set of watercolors! The colors are so vibrant and blend really well.', 5, '2025-05-01'),
(23, 7, 12, 'Great quality for the price. I''m a beginner and these are perfect for learning.', 4, '2025-05-03'),
(24, 13, 12, 'A good range of colors to get started with. The packaging was also secure.', 4, '2025-05-07'),
(25, 16, 12, 'Lovely set! Makes painting a joy.', 5, '2025-05-09'),
(26, 21, 15, 'Doesn''t look anything like the pictures!', 2, '2025-01-28'),
(27, 15, 15, 'Was struggling to keep this thing together within two weeks of my cat using it. Not great build quality :/.', 3, '2025-02-18'),
(28, 1, 17, 'This mouse is a game-changer! The DPI settings are perfect and the buttons are easy to program.', 5, '2025-05-02'),
(29, 5, 17, 'Comfortable to hold for long gaming sessions. The RGB lighting is a nice touch.', 4, '2025-05-04'),
(30, 8, 17, 'Excellent response time and very precise. Definitely worth the money.', 5, '2025-05-06'),
(31, 11, 17, 'The software for customization is user-friendly. Great mouse overall.', 4, '2025-05-08'),
(32, 14, 17, 'Improved my gaming performance significantly. Highly recommend.', 5, '2025-05-10'),
(33, 2, 18, 'Jacket arrived in excellent condition, just as described. Fits perfectly!', 5, '2025-05-03'),
(34, 6, 18, 'Good quality denim and looks great. Happy with my purchase of a used item.', 4, '2025-05-05'),
(35, 9, 18, 'A classic jacket that will last for years. Great find!', 5, '2025-05-07'),
(36, 4, 19, 'Amazing sound quality for such a small speaker. The waterproof feature is a bonus!', 5, '2025-05-04'),
(37, 7, 19, 'Perfect for taking to the beach. Battery life is impressive.', 4, '2025-05-06'),
(38, 10, 19, 'Easy to connect and use. Very happy with the sound output.', 5, '2025-05-08'),
(39, 1, 20, 'The guitar plays beautifully! A few minor cosmetic dings as expected, but the sound is fantastic.', 4, '2025-05-05'),
(40, 8, 20, 'Exactly what I was looking for. A classic sound at a good price.', 4, '2025-05-09'),
(41, 3, 21, 'My dog loves this bed! It looks so comfortable and he sleeps soundly on it.', 5, '2025-03-10'),
(42, 3, 25, 'Immersive sound quality really enhances the gaming experience. Microphone is clear too.', 5, '2025-05-06'),
(43, 6, 25, 'Comfortable for long wear. The surround sound makes a big difference.', 4, '2025-05-08'),
(44, 9, 25, 'Excellent headset for the price. Highly recommended for gamers.', 5, '2025-05-10'),
(45, 2, 29, 'Love the sleek design, but this thing doesnt connect half the time. Regret this purchase.', 2, '2025-05-07'),
(46, 4, 29, 'Other comment mentioned poor connectivity - couldnt agree more! If you''re looking to buy this... don''t', 1, '2025-05-09'),
(47, 7, 30, 'Coat is in fantastic condition, looks almost new! Very warm and stylish.', 5, '2025-05-08'),
(48, 10, 30, 'A great find for a used winter coat. Exactly as described and very cozy.', 4, '2025-05-10'),
(49, 30, 31, 'The LEGO Millennium Falcon is incredible! Such a detailed and fun build.', 5, '2025-04-01'),
(50, 1, 32, 'Perfect first bike for my child. Training wheels are easy to attach and remove. Good condition.', 5, '2025-05-09'),
(51, 5, 32, 'A sturdy little bike. My child loves it!', 4, '2025-05-11'),
(52, 3, 35, 'Super comfortable for long hours of gaming. The reclining feature is a great addition.', 5, '2025-05-10'),
(53, 6, 35, 'Easy to assemble and provides excellent support. My back feels much better.', 4, '2025-05-12'),
(54, 10, 41, 'meh', 5, '2025-04-25');

INSERT INTO `order` (order_id, user_id, date, ship_address, total) VALUES
(1, 1, '2024-05-01', '123 Main St', 1299.99),
(2, 3, '2024-05-02', '789 Oak St', 9350.00),
(3, 5, '2024-05-03', '135 Cedar St', 2600.00),
(4, 7, '2024-05-04', '357 Spruce St', 1850.00),
(5, 9, '2024-05-05', '579 Aspen St', 1600.00),
(6, 11, '2024-05-06', '101 Oak Dr', 1200.00),
(7, 12, '2024-05-07', '202 Willow Ln', 1599.00),
(8, 2, '2024-05-08', '46 Elm St', 780.00),
(9, 4, '2024-05-09', '246 Pine St', 1150.00),
(10, 6, '2024-05-10', '246 Birch St', 550.00),
(11, 8, '2024-05-11', '46 Maple St', 220.00),
(12, 10, '2024-05-12', '60 Redwood St', 2400.00),
(13, 1, '2024-05-13', '123 Main St', 9800.00),
(14, 27, '2024-05-14', '17 Oak St', 280.00),
(15, 5, '2024-05-15', '135 Cedar St', 1850.00),
(16, 25, '2024-05-16', '35 Spruce Ave', 1200.00),
(17, 30, '2024-05-17', '79 Richmond Rd', 650.00),
(18, 11, '2024-05-18', '101 Oak Dr', 3780.00),
(19, 12, '2024-05-19', '202 Willow Ln', 580.00),
(20, 2, '2024-05-20', '456 Elm St', 4400.00),
(21, 2, '2024-05-21', '456 Elm St', 2150.00),
(22, 4, '2024-05-22', '246 Pine St', 3700.00),
(23, 7, '2024-05-23', '357 Spruce St', 1450.00),
(24, 8, '2024-05-24', '468 Maple St', 3200.00),
(25, 9, '2024-05-25', '579 Aspen St', 1800.00),
(26, 12, '2024-05-26', '202 Willow Ln', 2200.00),
(27, 14, '2024-05-27', '404 Chestnut Rd', 1850.00),
(28, 16, '2024-05-28', '606 Hemlock Way', 2400.00),
(29, 17, '2024-05-29', '707 Beech Dr', 3200.00),
(30, 18, '2024-05-30', '808 Alder Ct', 1500.00),
(31, 19, '2024-05-31', '909 Fir St', 1200.00),
(32, 20, '2024-06-01', '1001 Pineapple Rd', 950.00),
(33, 21, '2024-06-02', '1112 Elm St', 1800.00),
(34, 22, '2024-06-03', '1213 Maple Ln', 1100.00),
(35, 23, '2024-06-04', '1314 Birch Ct', 2200.00),
(36, 24, '2024-06-05', '1415 Pine St', 1450.00),
(37, 25, '2024-06-06', '1516 Cedar Dr', 3200.00),
(38, 27, '2024-06-07', '1718 Walnut Ct', 3500.00),
(39, 28, '2024-06-08', '1819 Chestnut Rd', 1200.00),
(40, 30, '2024-06-09', '2021 Redwood St', 1850.00);

INSERT INTO order_item (item_id, product_id, order_id, quantity) VALUES
(1, 2, 1, 1),
(2, 4, 2, 1),
(3, 5, 2, 1),
(4, 27, 3, 1),
(5, 15, 4, 1),
(6, 32, 5, 2),
(7, 58, 6, 1),
(8, 6, 7, 1),
(9, 7, 8, 1),
(10, 8, 9, 1),
(11, 9, 10, 1),
(12, 10, 11, 1),
(13, 11, 12, 1),
(14, 12, 12, 2),
(15, 13, 13, 1),
(16, 14, 14, 1),
(17, 15, 15, 1),
(18, 16, 16, 1),
(19, 17, 17, 1),
(20, 18, 18, 1),
(21, 28, 18, 1),
(22, 19, 19, 1),
(23, 20, 20, 1),
(24, 21, 20, 1),
(25, 23, 21, 2),
(26, 24, 21, 1),
(27, 12, 21, 3),
(28, 15, 22, 1),
(29, 16, 22, 2),
(30, 17, 22, 1),
(31, 18, 22, 2),
(32, 67, 23, 2),
(33, 68, 23, 1),
(34, 69, 23, 1),
(35, 31, 24, 4),
(36, 32, 24, 2),
(37, 33, 24, 1),
(38, 34, 24, 1),
(39, 25, 25, 1),
(40, 26, 25, 3),
(41, 27, 25, 2),
(42, 36, 26, 2),
(43, 37, 26, 1),
(44, 38, 26, 2),
(45, 15, 27, 1),
(46, 44, 27, 2),
(47, 45, 27, 1),
(48, 11, 28, 2),
(49, 12, 28, 1),
(50, 13, 28, 2),
(51, 14, 28, 1),
(52, 41, 29, 3),
(53, 42, 29, 1),
(54, 43, 29, 2),
(55, 46, 30, 2),
(56, 47, 30, 1),
(57, 48, 31, 1),
(58, 49, 31, 3),
(59, 50, 31, 1),
(60, 51, 32, 2),
(61, 52, 32, 1),
(62, 53, 33, 1),
(63, 54, 33, 2),
(64, 55, 33, 1),
(65, 56, 34, 2),
(66, 57, 34, 1),
(67, 58, 35, 3),
(68, 59, 35, 1),
(69, 60, 35, 2),
(70, 61, 36, 1),
(71, 62, 36, 2),
(72, 63, 36, 1),
(73, 64, 37, 4),
(74, 65, 37, 2),
(75, 66, 37, 1),
(76, 67, 38, 2),
(77, 68, 38, 1),
(78, 69, 38, 2),
(79, 70, 38, 1),
(80, 71, 39, 1),
(81, 72, 39, 2),
(82, 73, 39, 1),
(83, 74, 40, 3),
(84, 75, 40, 1),
(85, 76, 40, 2);